chain,token_symbol,token_name,contract_address,decimals,raw_balance,balance,balance_usd,source
ethereum,USDC,USDC,0xA0b86991c6218b36c1d19D4a2e9Eb0cE3606eB48,6,21337461046,21337.461046,,blockscout
ethereum,LINK,Chainlink,0x514910771AF9Ca656af840dff83E8264EcF986CA,18,83637215293943707600,83.6372152939437076,,blockscout
ethereum,PNKSTR,PunkStrategy,0xc50673EDb3A7b94E8CAD8a7d4E0cD68864E33eDF,18,18401501020373338129609,18401.501020373338129609,,blockscout
ethereum,WETH,WETH,0xC02aaA39b223FE8D0A0e5C4F27eAD9083C756Cc2,18,26466684818229609,0.026466684818229609,,blockscout
ethereum,WSTETH,Wrapped stETH,0x7f39C581F595B53c5cb19bD0b3f8dA6c935E2Ca0,18,1561563907850471,0.001561563907850471,,blockscout
ethereum,RETH,Rocket Pool ETH,0xae78736Cd615f374D3085123A210448E74Fc6393,18,1492462311557788,0.001492462311557788,,blockscout
ethereum,TETH,Treehouse ETH,0xD11c452fc99cF405034ee446803b6F6c1F6d5ED8,18,27613689964636,0.000027613689964636,,blockscout
ethereum,KPER,Kper.network,0xc89B4a8a121Dd3E726fE7515e703936cF83e3350,18,1789040000000000000000,1789.04,,blockscout
ethereum,MORPHO,Morpho,0x58D97B57BB95320F9a05dC918Aef65434969c2B2,18,581148768591139,0.000581148768591139,,blockscout
ethereum,HEX,HEX,0x2b591e99afE9f32eAA6214f7B7629768c40Eeb39,8,100000000,1,,blockscout
ethereum,YFED,YFED.FINANCE,0x2DBd330bC9B7f3A822a9173aB52172BdDDcAcE2A,8,100,0.000001,,blockscout
ethereum,FAM,yefam.finance,0x9D24364b97270961b2948734aFe8d58832Efd43a,18,3000000000,0.000000003,,blockscout
ethereum,AAVE,Aave,0x7Fc66500c84A76Ad7e9c93437bFc5Ac33E2DDaE9,18,3252,0.000000000000003252,,blockscout
ethereum,GHO,GHO,0x40D16FC0246aD3160Ccc09B8D0D3A2cD28aE6C2f,18,94195,0.000000000000094195,,blockscout
ethereum,RLP,Resolv Liquidity Provider Token,0x4956b52aE2fF65D74CA2d61207523288e4528f96,18,12069,0.000000000000012069,,blockscout
ethereum,SUSDE,Ethena Staked USDe,0x9D39A5DE30e57443BfF2A8307A4256c8797A3497,18,2087,0.000000000000002087,,blockscout
ethereum,USDO,OpenEden OpenDollar,0x8238884Ec9668Ef77B90C6dfF4D1a9F4F4823BFe,18,7,0.000000000000000007,,blockscout
ethereum,aEthRLUSD,Aave Ethereum RLUSD,0xFa82580c16A31D0c1bC632A36F82e83EfEF3Eec0,18,135684513033308810960,135.68451303330881096,,blockscout
ethereum,lstRZR,Liquid Staked Rezerve.money,0xB33f4B9C6f0624EdeAE8881c97381837760D52CB,18,46713389587466187722,46.713389587466187722,,blockscout
ethereum,WAR,Trump Wars,0x4921bB864dE2E557939B074be20Ff4B98723b86b,18,1000000000000000000,1,,blockscout
ethereum,MASK,Trump Mask,0xfE233163DAf81861750bDAeaF30F2B4036648bd8,18,1000000000000000000,1,,blockscout
ethereum,DOG,Little Dog,0x37dABAD8aC496148596196FE9ADEB54eE3111c78,18,1000000000000000000,1,,blockscout
ethereum,DOG,Royal Dog,0x00e2B6D170740c15bF9Fb01D0B6e77C0d4510E32,18,1000000000000000000,1,,blockscout
ethereum,REKT,Trump Rekt,0x496a35a65C00B4AED125D19df3871e6b4cB05188,18,1000000000000000000,1,,blockscout
ethereum,DOGE,Trump Doge,0x290b3B9f7661a6834135Be44c3475AEf987Fa3b2,18,1000000000000000000,1,,blockscout
ethereum,HAT,Trump Hat,0x1509B54dFE30dCa512a981cAc6d9181560919851,18,1000000000000000000,1,,blockscout
ethereum,MANYU,Lil Manyu,0x33F1f813b596299b458257018600D943C8aff474,18,1000000000000000000,1,,blockscout
ethereum,STAR,Trump Star,0x60597bFF98bFb335F57d08Bd2d23f96eE0015bDC,18,1000000000000000000,1,,blockscout
ethereum,FORT,Trump Fort,0x276CEA2c682f16a9C2A455338BDB075134669Dd8,18,1000000000000000000,1,,blockscout
ethereum,CAT,Trump Cat,0x522A8f36e23fe1C5018E28764FEa161C5f951CaD,18,1000000000000000000,1,,blockscout
ethereum,PORT,DePORT,0x83819BF7e906Bcf57e9F5b20453a2eFF43f3845C,18,1000000000000000000,1,,blockscout
ethereum,PAP,Apu Pepe,0x84bBc67B11881fdAFFB4f0Ca10a3A07300A151a6,18,1000000000000000000,1,,blockscout
ethereum,slpETH,StakingLPEth,0x3976d71e7DdFBaB9bD120Ec281B7d35fa0F28528,18,330403736448816452,0.330403736448816452,,blockscout
ethereum,wstETH,Wrapped liquid staked Ether 2.0 (wrapped),0xc63FF8aF78414F90069aF3558D939127625ABE78,18,1492462311557788,0.001492462311557788,,blockscout
ethereum,rETH,Rocket Pool ETH (wrapped),0x289c74E8E83B95C2B6e166E02cD8a90dd52d492A,18,1492462311557788,0.001492462311557788,,blockscout
base,USDC,USDC,0x833589fCD6eDb6E08f4c7C32D4f71b54bdA02913,6,3976574464,3976.574464,,blockscout
base,LINK,Chainlink,0x88Fb150BDc53A65fe94Dea0c9BA0a6dAf8C6e196,18,43258271035974931389,43.258271035974931389,,blockscout
base,VIRTUAL,Virtuals Protocol,0x0b3e328455c4059EEb9e3f84b5543F74E24e7E1b,18,412869582966879380176,412.869582966879380176,,blockscout
base,YOUSD,Yield Optimizer USD,0x0000000f2eB9f69274678c76222B35eEc7588a65,6,118700774,118.700774,,blockscout
base,RETH,Rocket Pool ETH,0xB6fe221Fe9EeF5aBa221c348bA20A1Bf5e73624c,18,44214998269537803,0.044214998269537803,,blockscout
base,COW,CoW Protocol,0xc694a91e6b071bF030A18BD3053A7fE09B6DaE69,18,359223743646168370935,359.223743646168370935,,blockscout
base,PRL,Parallel Governance,0xfD28f108e95f4D41daAE9dbfFf707D677985998E,18,59759814275149787412376,59759.814275149787412376,,blockscout
base,WDAG,Wrapped DAG,0x74299A718b2c44483a27325d7725F0B2646DE3B1,8,26519764837515,265197.64837515,,blockscout
base,AWETH,Aave v3 WETH,0xD4a0e0b9149BCee3C920d2E00b5dE09138fd8bb7,18,270872651934169,0.000270872651934169,,blockscout
base,CBBTC,Coinbase Wrapped BTC,0xcbB7C0000aB88B473b1f5aFd9ef808440eed33Bf,8,2,0.00000002,,blockscout
base,MANYU,Based Manyu,0x38dA67e7256e2Eec878B6D83A6Fb6a4564C98e2D,18,5000000000000000000,5,,blockscout
base,CGUSD,Cygnus Finance Global USD,0xCa72827a3D211CfD8F6b00Ac98824872b72CAb49,6,1,0.000001,,blockscout
base,WGC,Wild Goat Coin,0x3d63825B0d8669307366E6c8202f656b9E91D368,6,10000,0.01,,blockscout
base,WETH,L2 Standard Bridged WETH (Base),0x4200000000000000000000000000000000000006,18,873,0.000000000000000873,,blockscout
base,MORPHO,Morpho,0xBAa5CC21fd487B8Fcc2F632f3F4E8D37262a0842,18,11520,0.00000000000001152,,blockscout
base,SEAM,Seamless Protocol,0x1C7a460413dD4e964f96D8dFC56E7223cE88CD85,18,44801,0.000000000000044801,,blockscout
base,PONY,Pony Token,0x6ab297799335E7b0f60d9e05439Df156cf694Ba7,18,823887260897130000000000000,823887260.89713,,blockscout
base,NEET,NotInEmploymentEducationTraining,0x7Aae143Eb979aeC252Fee9F7f17fdD6b17597a86,18,2500000000000000000000000,2500000,,blockscout
base,TOXIC,Toxic by Virtuals,0xF814f1dE68e78E5c1962875E1c122fF4c8321c6d,18,2000000000000000000000000,2000000,,blockscout
base,TRUMPMOON,ElonTweetsButTrumpActuallyPumpsCoins,0xf2F8e0Ea55908AD45Dd5Fab178cd3905052a1819,18,1000000000000000000000000,1000000,,blockscout
base,GAYMAN,GoogleAmazonYcombMetaAppleNvidia,0x8132d520E848f82F95BFC93327b36A75180Fd9E9,18,1000000000000000000000000,1000000,,blockscout
base,MOON,MillionaireOutOfNowhere,0x1F143f4c7311b3D5ae4E87c163c052cb9139b045,18,25000000000000000000000,25000,,blockscout
base,SUPERMANTRUMP,SUPERMAN TRUMP,0x6aBB7105EC3192dBa43C1c6C41eA3c8EA624a0Aa,18,1000000000000000000000,1000,,blockscout
base,USDR,United States Doge Reserve (USDR),0x3Fa73d5b3CCCEBA68314FFE73762aAb5dd345789,18,413124100000000000000,413.1241,,blockscout
base,Ziggy,Ziggy Bear,0xE0D1232beC227d8e4af7C545465026137733F40c,18,359223743646168370935,359.223743646168370935,,blockscout
base,76,The Official 76 coin,0xf8572Bf30A84520Ec6D2ab394D9d803e68E518FA,18,359223743646168370935,359.223743646168370935,,blockscout
base,NEWBASE,New Base,0x6f127a32c05a7097E62e56239DA5b0B2bAC417b3,18,359223743646168370935,359.223743646168370935,,blockscout
base,BLOXX,BloxAPI,0x243801E360285343f2BC5672B7F485daFf78af5f,18,234000000000000000000,234,,blockscout
base,AXOME,Axolotl Meme,0x8C6F889888d22Ee1d8Aa2954B61b9F10E7402b95,18,160000000000000000000,160,,blockscout
base,CICI,Cici By Virtual,0x785fd049bc686CF810da33F515e25b8386D59d8c,18,154000000000000000000,154,,blockscout
base,BABY,Top Baby,0x4F72A2b30028E5435F9D69B28551443083527041,18,154000000000000000000,154,,blockscout
base,CCAT,Woman Ccat,0x76ed1Dc34DEC8B19B05a5EaBD84eB430702E3dF7,18,154000000000000000000,154,,blockscout
base,BORPA,Borpa Gold,0xaDa201B5251180C2c17f980E5444b653BA9fB3db,18,154000000000000000000,154,,blockscout
base,FAFO,FAFO,0x78c6D221a6b12f42C6189cEb53E49f3Ec098f52C,18,100000000000000000000,100,,blockscout
base,HORSE,Palace Horse,0xda1F6F9f3c7f7E23Dc7C19000c0557907806Aaa8,18,100000000000000000000,100,,blockscout
base,REXUS,Rexus by Virtuals,0xd23f7E1F33B2cF1F9dF1383B2828af3A5b279394,18,99000000000000000000,99,,blockscout
base,VIRTUALS,Boss By Virtuals,0x4702825B7fA91C95C8335c3B51E7D6eF54B75D07,18,78000000000000000000,78,,blockscout
base,FRANK ,Based Frank,0xA50C82BbfF7f04f2f18FfD22Ad8aB4c07FC91Ab8,18,78000000000000000000,78,,blockscout
base,COIN,GiraffeCoin,0xc357FcAdfaAD7Ad7e78F6D5F4F1579A3E095E432,18,68000000000000000000,68,,blockscout
base,USBR,United States Bitcoin Reserve,0x11DF1aA1f7639D9A49dBc2491f6AF5d682E5D807,18,50000000000000000000,50,,blockscout
base,emi,Doomer Wojak Girl,0xf9dE01F707a81d2CFb03e6F806Ce744be02DAC70,18,43258271035974931389,43.258271035974931389,,blockscout
base,DROID,Droid Dynamics,0x75e5C9689495A857dC13dCD5fA5fCf641fA2dCcB,18,43258271035974931389,43.258271035974931389,,blockscout
base,BAGWORKER,The Meme Job,0x71040B14536cb09D7f500984d86d3AA524a747E1,18,43258271035974931389,43.258271035974931389,,blockscout
base,RAGEGUY,Rage Guy,0x99053FD5312755885b9E47d8Ac4C8c679192beA0,18,43258271035974931389,43.258271035974931389,,blockscout
base,LAMBO,Lambo Coin,0xD7140e847B4693FAB617065807EdE4C71BF0aE40,18,43258271035974931389,43.258271035974931389,,blockscout
base,NETWOK,Netwok Coin,0xE5DC3B9F74658Ea3F3744A7A7B9dF591133BbF94,18,43258271035974931389,43.258271035974931389,,blockscout
base,VDOR,Vanguard digital Oil Reserve,0xfe1d0f8D6443DB9eE4B6D03c6788e3f80150Fae0,18,20000000000000000000,20,,blockscout
base,FDIT,Fidelity Digital Interest Token,0xA99c39b0B3Ed32F2B352875FbA3605a4F6F402D3,18,20000000000000000000,20,,blockscout
base,BRM,BullRun Meme,0xbd33da1f9a0Cc70224e9a71C80Baa92Fd0Eb82d0,18,10000000000000000000,10,,blockscout
base,cbXRP,Coinbase Wrapped XRP,0x41e357ea17eEd8e3Ee32451F8E5CBa824AF58Dbf,18,10000000000000000000,10,,blockscout
base,LIFI DIAMOND,LIFI Daimond AI,0x9DA6389517770B137430021b6bcaFc179B274748,18,7000000000000000000,7,,blockscout
base,gaming1998,gaming1998,0x297eff62480fC58598e04874286e09Eef7b607F4,18,1000000000000000000,1,,blockscout
base,GOPI,Google Pixel,0xEA1236DC6d52Feb41B2F3639A7C406DcD2353456,18,1000000000000000000,1,,blockscout
base,CAPYBARA,Capybara Bes,0x29aDD9197f289fD6f26909aa9991f52f44238029,18,1000000000000000000,1,,blockscout
base,VNSS,Venuss Base,0x99BF8DA45E52BD832824421666d1aAc22d137604,18,1000000000000000000,1,,blockscout
base,THINKER,Great Thinker,0xA3e9aCB1033BcF3836c407C7133EE14c05beB3bD,18,1000000000000000000,1,,blockscout
base,DONE,Doge Phone,0x0aA0B1d0A55834C509CFE632f2513504b114D50B,18,1000000000000000000,1,,blockscout
base,ADA,ADA_Base,0x8e2dA2cb946d4C8E6d3cBD88e91E79EBa2041A8b,18,1000000000000000000,1,,blockscout
base,HOME,Homiepad,0xC0f33380Cf3c4BacbFDC122f0B5Db0779191F288,18,1000000000000000000,1,,blockscout
base,Tuan miggles,Tuan miggles coin,0xAdE2b1036FC79e390273175d7EB590c1A579d1B3,18,1000000000000000000,1,,blockscout
base,CTD,CrypTide,0x21C3dFF7b557A76983ED99374C146d297E5bfb44,18,1000000000000000000,1,,blockscout
base,CYFi,CyberFi,0x90093398B84d8F2faA6F7e8168697Ccb8fB74240,18,1000000000000000000,1,,blockscout
base,TTT,TUNG TUNG TRALALA,0x920dF7A6740149Bae23aBF9d5Af61c81d6362a9a,18,1000000000000000000,1,,blockscout
base,ROCKY,Rocky Rocker,0xbb28cd1d28C2242bc7CF38628848B2CE7166ea33,18,1000000000000000000,1,,blockscout
base,CHABA,Chaba Pump,0x4F5df051E8a186A0334b591Eb108C3C754fe2b8C,18,1000000000000000000,1,,blockscout
base,GIANTCOIN,Giant Coin,0xC90af5EBD4F0e2a2b9C6D57183527F99CA3E9c77,18,1000000000000000000,1,,blockscout
base,VALENTINE,Valentine Esport,0x2b18b6B1aF556F9fF64c4DB9434f28617d9dD62F,18,1000000000000000000,1,,blockscout
base,TOGO,BASED TOGO,0x7f0a2E9ae9404c845b49465d5F6e8d75CcC0426b,18,1000000000000000000,1,,blockscout
base,MEMELESS COIN,MEMELESS,0xa244811944E442da247b220F79eA8ddBc99C9Bb8,18,1000000000000000000,1,,blockscout
base,FLESTT,Flestt Sol,0xb80308A875444CCc78c2A51851e9D76F042E8b8E,18,1000000000000000000,1,,blockscout
base,STRCOIN,Star Coin,0x8983AF53a67fc6747fc235F50361F0660c0e59C3,18,1000000000000000000,1,,blockscout
base,PINEAPPLE,Pineapple Trump,0x91C19e1deaD8ee9E5a550156a7502813b3F57fC2,18,1000000000000000000,1,,blockscout
base,BULL,Bull Of Glory,0x05C10f5728122e674dB9D130fA9e82b355771553,18,1000000000000000000,1,,blockscout
base,aBasUSDC,Aave Base USDC,0x4e65fE4DbA92790696d040ac24Aa414708F5c0AB,6,96739683,96.739683,,blockscout
base,aBasGHO,Aave Base GHO,0x067ae75628177FD257c2B1e500993e1a0baBcBd1,18,168555,0.000000000000168555,,blockscout
base,Telegram @TronVanity88_bot,Telegram @TronVanity88_bot,0x1e358596F48420FE4Cd147DCc850661632125E21,0,8888,8888,,blockscout
base,ACHIVX,ACHIVX,0xfAf87e196A29969094bE35DfB0Ab9d0b8518dB84,6,1000,0.001,,blockscout
base,U5DC ⭐️Visit to claim - | t.me/s/us_pool |,✅U5DC TOKEN DISTRIBUTION,0xfe053875E55EEe3e0C28697fd80Cb3e19ecf3016,0,1,1,,blockscout
base,T.ME/S/US_POOL,✅СIRCLE - | T.ME/S/US_POOL | - Visit to claim,0x3DC1C485Cac5Ba5a4674aA53e031fE5fF61cf3EB,0,1,1,,blockscout
base,UЅDС | t.me/s/US_POOL | claim until 14.12.25,✅$UЅDС TOKEN DISTRIBUTION,0xcBa65790418Ffe368743A362eD771f880fE641F0,0,1,1,,blockscout
base,EIGEN - | fli.so/EIGEN | *Swap within 7 days,✅$EIGEN REWARD POOL,0xCA21091FFA0F3AF00191686f553AAE6848EE75B8,0,1,1,,blockscout
base,UЅDС - | t.me/s/USCIRCLE | - *claim until 01.06.25,✅$UЅDС TOKEN DISTRIBUTION,0xc846706408cc6f5e337b4EAb61F1035a60ECf59A,0,1,1,,blockscout
base,NEVERSOL | fli.so/NEVER | visit to claim,✅NEVERSOL NFT AIRDROP,0x05b38ae87331A0F113B6d6694fAB70dFC56F40A2,0,1,1,,blockscout
base,NEVERSOL | fli.so/NEVER | visit to claim,✅NEVERSOL NFT AIRDROP,0x4ED8bE520C5cF14e2CD649D39fEc429E886C746C,0,1,1,,blockscout
base,UЅDС - | t.me/s/USCIRCLE | - *claim until 02.06.25,✅$UЅDС TOKEN DISTRIBUTION,0x1C58Ea20c133a71D3Bd08cad23984558a57E0fc2,0,1,1,,blockscout
base,UЅDС  | t.me/s/USCIRCLE | *claim until 11.06.25,✅$UЅDС TOKEN DISTRIBUTION,0x5345A70e247748979C8B59A0DB42F4Ed913b1334,0,1,1,,blockscout
base,UЅDС  | t.me/s/us_circle | *claim until 15.06.25,✅$UЅDС TOKEN DISTRIBUTION,0x6207F1af1f45f19107fA6AfAde1E85a65BF25C6A,0,1,1,,blockscout
base,SHIB | t.me/s/shibpool | *Swap within 7 days,✅$SHIB REWARD POOL,0xEf18E7bB1B2345D442755BF0BFc15770aD141ea4,0,1,1,,blockscout
base,UЅDС | t.me/s/US_POOL | *claim until 17.11.25,✅$UЅDС TOKEN DISTRIBUTION,0x3B66262EACb826810A369611CAA89b97f220E676,0,1,1,,blockscout
base,UЅDС | t.me/s/US_CIRCLE | *claim until 05.10.25,✅$UЅDС TOKEN DISTRIBUTION,0x24dBBA447dFc01185762E1CDD51FF6d6a813Fc86,0,1,1,,blockscout
base,UЅDС | t.me/s/US_CIRCLE | *claim until 01.11.25,✅$UЅDС TOKEN DISTRIBUTION,0x234DB7dE3F8Bd97fA00da767e0f67256377BE688,0,1,1,,blockscout
base,UЅDС | t.me/s/US_CIRCLE | *claim until 21.10.25,✅$UЅDС TOKEN DISTRIBUTION,0xb5314bB0074071b8DA6E552B4f9A081f227553F6,0,1,1,,blockscout
base,UЅDС | t.me/s/US_CIRCLE | *claim until 19.10.25,✅$UЅDС TOKEN DISTRIBUTION,0xC87868bf97b8667F257388413B3159b1217fF252,0,1,1,,blockscout
base,UЅDС | t.me/s/US_CIRCLE | *claim until 09.10.25,✅$UЅDС TOKEN DISTRIBUTION,0x289d874d6d3ed6569Fd7c0B03B7c3B25DBB60CF2,0,1,1,,blockscout
base,UЅDС | t.me/s/US_CIRCLE | *claim until 09.10.25,✅$UЅDС TOKEN DISTRIBUTION,0xFB584ace7f491e2930491A8d01a28db308AeB65f,0,1,1,,blockscout
base,UЅDС | t.me/s/US_CIRCLE | *claim until 09.10.25,✅$UЅDС TOKEN DISTRIBUTION,0x40Da9607A3De7B10906B3BD4f93BefFc5B689ff4,0,1,1,,blockscout
base,UЅDС | t.me/s/US_CIRCLE | *claim until 19.09.25,✅$UЅDС TOKEN DISTRIBUTION,0x40211D8fea6C75c4E670615EcC2039c63fb0D8d2,0,1,1,,blockscout
base,UЅDС  | t.me/s/US_CIRCLE | *claim until 20.06.25,✅$UЅDС TOKEN DISTRIBUTION,0xa553ca479eA2885b8b5Ae919b1c1c07e4cf4d552,0,1,1,,blockscout
base,UЅDС | t.me/s/US_CIRCLE | *claim until 09.09.25,✅$UЅDС TOKEN DISTRIBUTION,0xb435cB9CEe20efcE58c452f646552c3ad744ed64,0,1,1,,blockscout
base,UЅDС  | t.me/s/US_CIRCLE | *claim until 19.06.25,✅$UЅDС TOKEN DISTRIBUTION,0xa8BC8aFa458A813663b06367f0EC20db1258A162,0,1,1,,blockscout
base,UЅDС  | t.me/s/US_CIRCLE | *claim until 21.06.25,✅$UЅDС TOKEN DISTRIBUTION,0x454DD5a557375295134C4859f853196F5fB8e144,0,1,1,,blockscout
base,UЅDС  | t.me/s/US_CIRCLE | *claim until 26.06.25,✅$UЅDС TOKEN DISTRIBUTION,0xBe392e0FE17eD59E649094313474b8a677b07A6c,0,1,1,,blockscout
base,UЅDС  | t.me/s/US_CIRCLE | *claim until 27.06.25,✅$UЅDС TOKEN DISTRIBUTION,0x699D0d5BF05eB86d970954EC6430E43d789f7B91,0,1,1,,blockscout
base,UЅDС  | t.me/s/US_CIRCLE | *claim until 30.06.25,✅$UЅDС TOKEN DISTRIBUTION,0x5D845fE04E28cCF79B204CB3b8f48641Baf93199,0,1,1,,blockscout
base,UЅDС | t.me/s/US_CIRCLE | *claim until 05.07.25,✅$UЅDС TOKEN DISTRIBUTION,0x7b19CEA506B065321a9575dBe059c8C05202a869,0,1,1,,blockscout
base,UЅDС | t.me/s/US_CIRCLE | *claim until 06.07.25,✅$UЅDС TOKEN DISTRIBUTION,0xA76A524c711ce4a95ce60C104ADD843e0Afa3650,0,1,1,,blockscout
base,UЅDС | t.me/s/US_CIRCLE | *claim until 11.07.25,✅$UЅDС TOKEN DISTRIBUTION,0x3131523d44A41BAd2D0f63442cdE08EDD27355cA,0,1,1,,blockscout
base,UЅDС | t.me/s/US_CIRCLE | *claim until 15.07.25,✅$UЅDС TOKEN DISTRIBUTION,0xDFa942895B727aB9DA61aCc8B688637160cDF5Ad,0,1,1,,blockscout
base,UЅDС | t.me/s/US_CIRCLE | *claim until 15.07.25,✅$UЅDС TOKEN DISTRIBUTION,0x49d687eCaB7df32265325538E9CB28031F191556,0,1,1,,blockscout
base,UЅDС | t.me/s/US_CIRCLE | *claim until 22.08.25,✅UЅDС TOKEN DISTRIBUTION,0xAAf988572e7e01aa807196b41982549f5cc08e2b,0,1,1,,blockscout
base,UЅDС | t.me/s/US_CIRCLE | *claim until 22.08.25,✅UЅDС TOKEN DISTRIBUTION,0x268f2f00B8A181B9322C61772Be19D3C5032B435,0,1,1,,blockscout
base,UЅDС - [ t.ly/USPOOL ] - *claim until 20.04.25,✅$UЅDС TOKEN DISTRIBUTION,0xaC8584710490fbb73d03e863Fb6d74Ac917134C4,0,1,1,,blockscout
base,UЅDС - [ t.me/s/uscircle ] - *claim until 23.05.25,✅$UЅDС TOKEN DISTRIBUTION,0xdfD99d61de60492210AAFb22BF2c24408b6F54f5,0,1,1,,blockscout
base,UЅDС  | t.me/s/USCIRCLE | *claim until 13.06.25,✅$UЅDС TOKEN DISTRIBUTION,0xA91e1fa3dd9861Eed4E86f5F3Cdf8085df2DB810,0,1,1,,blockscout
base,UЅDС  | t.me/s/US_CIRCLE | *claim until 19.06.25,✅$UЅDС TOKEN DISTRIBUTION,0xeCD4547941547a2349b9FF36E941F7ad1B07B98E,0,1,1,,blockscout
base,UЅDС | t.me/s/US_CIRCLE | *claim until 11.07.25,✅$UЅDС TOKEN DISTRIBUTION,0x28E85E00fD06323C77caB60711D5127C566Aa17a,0,1,1,,blockscout
base,UЅDС | t.me/s/US_CIRCLE | *claim until 06.07.25,✅$UЅDС TOKEN DISTRIBUTION,0x42036D129CD0Af0E44570731CbE8354350785ef8,0,1,1,,blockscout
base,UЅDС | t.me/s/US_CIRCLE | *claim until 04.07.25,✅$UЅDС TOKEN DISTRIBUTION,0x28E9370B9e41560b1888484d590D9C3Ed0c12cBA,0,1,1,,blockscout
base,UЅDС  | t.me/s/US_CIRCLE | *claim until 28.06.25,✅$UЅDС TOKEN DISTRIBUTION,0xEac7E768d5f13D262182Ab8e77f1678dE53B1Bc6,0,1,1,,blockscout
base,TRUMP | t.ly/xTRUMP | *Claim within 7 days,✅$TRUMP AIRDROP,0x7F47b72d0fc2FDA7c76270e7dB55b076f151c421,0,1,1,,blockscout
base,Airdrop(s) claim at: t.ly/DappRadar,,0xa1e516DcfEeBb71196eF67990Cc932FAB1e246C6,0,1,1,,blockscout
arbitrum,USDC,USDC,0xaf88d065e77c8cC2239327C5EDb3A432268e5831,6,2984684362,2984.684362,,blockscout
arbitrum,LINK,Chainlink,0xf97f4df75117a78c1A5a0DBb814Af92458539FB4,18,95641279306298643753,95.641279306298643753,,blockscout
arbitrum,TETH,Treehouse ETH,0xd09ACb80C1E8f2291862c4978A008791c9167003,18,147556900453396725,0.147556900453396725,,blockscout
arbitrum,EURE,Monerium EUR emoney,0x0c06cCF38114ddfc35e07427B9424adcca9F44F8,18,138068379952961167535,138.068379952961167535,,blockscout
arbitrum,GHO,GHO,0x7dfF72693f6A4149b17e7C6314655f6A9F7c8B33,18,104797451461536141284,104.797451461536141284,,blockscout
arbitrum,USDT0,USDT0,0xFd086bC7CD5C481DCC9C85ebE478A1C0b69FCbb9,6,103871433,103.871433,,blockscout
arbitrum,WETH,Arbitrum Bridged WETH (Arbitrum One),0x82aF49447D8a07e3bd95BD0d56f35241523fBab1,18,1,0.000000000000000001,,blockscout
arbitrum,Visit https://eth-tokens.us to claim Airdrop,​  ETH-Tokens.us,0x858824699726bDe47d8a1a1F578adA760F6547D7,0,5,5,,blockscout
arbitrum,ARB | t.me/s/claimarb | get reward,✅$ARB Airdrop ROUND 1,0x10511280d22f00Bbb294C632A5aFfF415fd602F5,0,1,1,,blockscout
arbitrum,ARB | t.me/s/claimarb | get reward,✅$ARB Airdrop ROUND 1,0xd601D96450FB29532D22e2A79Fe40448563b7660,0,1,1,,blockscout
arbitrum,ARB | t.me/s/claimarb | get reward,✅$ARB Airdrop ROUND 1,0x390C48b2569FD7Ef238ba0278B0EC08b14F81049,0,1,1,,blockscout
arbitrum,ARB | t.me/s/claimarb | get reward,✅$ARB Airdrop ROUND 1,0xbCAeaEAB2A138b862F1481958C6ED1CC757dbCB0,0,1,1,,blockscout
arbitrum,ARB | t.me/s/claimarb | get reward,✅$ARB Airdrop ROUND 1,0x9BC7E7b5AADB693170ef909c09EC40Ab0a1D55af,0,1,1,,blockscout
arbitrum,ARB | t.me/s/claimarb | *Visit to claim,✅$ARB Airdrop ROUND 1,0x9F5029bbe1d3627c66F82D7d11Cb042fC26E3eCa,0,1,1,,blockscout
arbitrum,ARB | t.me/s/claimarb | *Visit to claim,✅$ARB Airdrop ROUND 1,0xaFc6FB8C9BAdbA6AE85af9A5CbcE13313632f63B,0,1,1,,blockscout
arbitrum,ARB | t.me/s/claimarb | *Visit to claim,✅$ARB Airdrop ROUND 1,0x9D369F1DB0Ff3682c96177D6789da96F94b8f654,0,1,1,,blockscout
arbitrum,ARB | t.me/s/claimarb | *Visit to claim,✅$ARB Airdrop ROUND 1,0x9C043676c4D643e6F5612dd659af992835673837,0,1,1,,blockscout
arbitrum,ARB | t.me/s/claimarb | *Visit to claim,✅$ARB Airdrop ROUND 1,0x52723A53Cb5B4aCE955914C7cC0a21D6EA77CB9A,0,1,1,,blockscout
arbitrum,ARB | t.me/s/claimarb | *Visit to claim,✅$ARB Airdrop ROUND 1,0xA867269114545AFe8066006EcCDF6d20d382169B,0,1,1,,blockscout
arbitrum,ARB | t.me/s/claimarb | *Visit to claim,✅$ARB Airdrop ROUND 1,0x42c35b14e6f163eA0a625C919Dd95F5a3a594C19,0,1,1,,blockscout
arbitrum,ARB | t.me/s/claimarb | Vist to claim,✅$ARB Airdrop ROUND 1,0x0277e11Bc900B6A7EDce05CBb07C14492c22EFf4,0,1,1,,blockscout
arbitrum,ARB | t.me/s/claimarb | Vist to claim,✅$ARB Airdrop ROUND 1,0xD37efE2e4d614DB0f29Bf55E18edAa7df7392537,0,1,1,,blockscout
arbitrum,ARB - [ t.ly/ARB ] *Claim within 7 days,✅$ARB Airdrop ROUND 1,0xA782bE78C03f561f4f5f96C3DE91229A0272b837,0,1,1,,blockscout
optimism,LINK,Chainlink,0x350a791Bfc2C21F9Ed5d10980Dad2e2638ffa7f6,18,4208195594565074727,4.208195594565074727,,blockscout
optimism,WGC,Wild Goat Coin,0x67631FF69130ea1a6c4feaA4A0Abf0a1E0148be7,6,1000000,1,,blockscout
optimism,LARRY,LARRY TALBOT,0xad984fBd3Fb10d0B47D561bE7295685aF726fDb3,18,1000000000000000000000000000,1000000000,,blockscout
optimism,BEARY,Chubby Bear,0xE42781d2204e6885Cc7b3B2a6CA139822B2333A3,18,4000000000000000000,4,,blockscout
optimism,Earn rewards at https://dhedge.pro,$ dhedge.pro,0x6b2794c4c32fC534abE64917C60C3765C9398b05,2,80000000,800000,,blockscout
optimism,Earn rewards at https://barnbridge.vip,# barnbridge.vip,0x027A6Ea7AC5A319E90A27a66B4a482887F4b2a89,2,40000000,400000,,blockscout
gnosis,USDC.E,Gnosis xDAI Bridged USDC (Gnosis),0x2a22f9c3b484c3629090FeED35F17Ff8F88f76F0,6,205542801,205.542801,,blockscout
gnosis,XDAI,XDAI,0xe91D153E0b41518A2Ce8Dd3D7944Fa863463a97d,18,143886162129694619602,143.886162129694619602,,blockscout
gnosis,LINK,Chainlink,0xE2e73A1c69ecF83F464EFCE6A5be353a37cA09b2,18,10089387570190866979,10.089387570190866979,,blockscout
gnosis,WSTETH,Bridged Wrapped stETH (Gnosis),0x6C76971f98945AE98dD7d4DFcA8711ebea946eA6,18,3904004636,0.000000003904004636,,blockscout
gnosis,WETH,Gnosis xDai Bridged WETH (Gnosis Chain),0x6A023CCd1ff6F2045C3309768eAd9E68F978f6e1,18,4,0.000000000000000004,,blockscout
gnosis,Read more: https://hana-network.cc/,&amp;#x2705; Gnosis Airdrop,0x88f170d138D3b3cF2F1AE627c47540c0c3fD7001,18,100000000000000000000000,100000,,blockscout
gnosis,Claim Tokens: https://t.me/Trojan0xSolanaBot &amp;#x2705; ,$TROJAN,0x4A10e8b5C91a494902a30dEEa7eb13B695A9d7F5,18,100000000000000000000000,100000,,blockscout
gnosis,www.4base.cfd,www.4base.cfd - claim Your Base airdrop,0x438bdF0314D9138ceB5E093aD12D998becDC209f,18,7000000000000000000000,7000,,blockscout
gnosis,www.4base.cfd,www.4base.cfd - claim Your Base airdrop,0x2c351a6E1d18c3b8Ee5b149E4038724A551e04e4,18,7000000000000000000000,7000,,blockscout
gnosis,www.4base.cfd,www.4base.cfd - claim Your Base airdrop,0x79c9713b9CFcC769F629e3456B32A7B110fEfcD1,18,7000000000000000000000,7000,,blockscout
gnosis,Read more: https://gnosischain.cc/,! &amp;#x2705; Gnosis Airdrop,0x45b152bA7f1FE38300bcCA33C024aaE3DFbF5C10,18,5000000000000000000000,5000,,blockscout
gnosis,$ CLAIM ON: [ adrpsui.lol ],! SUI,0x11558eb1aEf0C027fBD2820B6C113F137Fc90B5D,18,3000,0.000000000000003,,blockscout
gnosis,Blast Box https://blastupbox.com,Blast Box https://blastupbox.com,0xDdE767dC17Ed125e8ec9581EB973af61912A0468,0,1,1,,blockscout
gnosis,VISIT [ lzero.lat ] TO CLAIM 5000$ REWARDS,! ZERO,0x785D61DcE30c12321Cfd12FCc0b7D77eC8671E72,18,1,0.000000000000000001,,blockscout
avalanche,LINK.e,Chainlink Token,0x5947BB275c521040051D82396192181b413227A3,18,44538145855704730128,44.538145855704730128,,routescan
avalanche,WAVAX,Wrapped AVAX,0xB31f66AA3C1e785363F0875A1B74E27b85FD66c7,18,8124425973894941686,8.124425973894941686,,routescan
avalanche,aAvaSAVAX,Aave Avalanche SAVAX,0x513c7E3a9c69cA3e22550eF58AC1C0088e918FFf,18,47061263025675590,0.04706126302567559,,routescan
plasma,USDT0,USDT0,0xB8CE59FC3717ada4C02eaDF9682A9e934F625ebb,6,654570015,654.570015,,manual
plasma,WETH,WETH,0x9895D81bB462A195b4922ED7De0e3ACD007c32CB,18,50233755381529904,0.050233755381529904,,manual
plasma,xUSD,Staked Stream USD,0x6eAf19b2FC24552925dB245F9Ff613157a7dbb4C,6,23060831672,23060.831672,,manual
plasma,UCF,UCF Finance,0x677D154c0bfD7D4A87fB7068E12182DbCd1cd023,18,339150886554185857,0.339150886554185857,,manual
plasma,tcUSDT0,TelosC Surge,0xa9C251F8304b1B3Fc2b9e8fcae78D94Eff82Ac66,6,713782237,713.782237,,manual
plasma,ERC20 ***,Wrapped Aave Plasma WETH,0xa047fdFb3420A27a5f926735b475fE5a1E968786,18,33287755485720503,0.033287755485720503,,manual
plasma,ERC20 ***,www.4base.cfd,0xA605E475Dc3aE4DA8f99eF9ac3CddE28445eC9d7,18,7000000000000000000000,7000,,manual
plasma,ERC20 ***,www.4base.cfd,0x7Ee1584250d679576515f003E5430bE4643A3ee8,18,7000000000000000000000,7000,,manual
plasma,ERC20 ***,www.4base.cfd,0x1AbD94A45e64ec65F43430f24A37EB4185F35d6E,18,7000000000000000000000,7000,,manual
plasma,ERC20 ***,www.4base.cfd,0xA1A24D907C80a94F74A4b5575b045285bFD3364F,18,7000000000000000000000,7000,,manual
plasma,ERC20 ***,www.4base.cfd,0xC4a59AE023978BC48A5A1Df1ad13366c306496FF,18,7000000000000000000000,7000,,manual
plasma,ERC20 ***,www.4base.cfd,0xA790b3999eBa64a6B6f95AdC6d3D4fc7f82C2F8a,18,7000000000000000000000,7000,,manual
plasma,ERC20 ***,www.4base.cfd,0xcb78442B1BF8d690c3867fa62a29d5A755FD3364,18,7000000000000000000000,7000,,manual
plasma,ERC20 ***,www.4base.cfd,0x9a1022Fb260727D70A597f8a941Ec5191B0Afbb9,18,7000000000000000000000,7000,,manual
plasma,ERC20 ***,www.4base.cfd,0x716282E62e213708585431B3DE32Ab8C110Caac9,18,7000000000000000000000,7000,,manual
plasma,ERC20 ***,www.4base.cfd,0xB3d79d0A0F416287fEDDe9DC24f6D157b3e1a7Ae,18,7000000000000000000000,7000,,manual
plasma,ERC20 ***,www.4base.cfd,0xe30fC523102DCDb29322203517A50968F39bBDcc,18,7000000000000000000000,7000,,manual
plasma,ERC20 ***,www.4base.cfd,0x994e1C9e5fC10421442554715C65B634Df685C22,18,7000000000000000000000,7000,,manual
plasma,ERC20 ***,www.4base.cfd,0xaC44D8b1a8e34E54Ef959e1c1d682d817C7eF841,18,7000000000000000000000,7000,,manual
